provider_id,product_url,name,description,product_video_url,formats,instructors,duration_filter,location_addr,start_date_local,requirements,ProductRating,duration_display,location_city,price_currency,location_name,location_country,location_postal,partner_prod_id,certificates,product_type_id,end_date_local,location_state,price_display_float,difficulty,location_display,authors,tz,publisher,product_image_url,product_events,language,prerequisites,prod_keywords,audience,pub_status,published_date,price_display_text,price_filter,space_lock,time_lock
http://www.ebay.co.uk/itm/60s-70s-80s-FANCY-DRESS-JUMPSUIT-BELT-COSTUME-OUTFIT-for-RETRO-DISCO-HEN-NIGHT-/201179597057?hash=item2ed73d0901&pt=LH_DefaultDomain_3&var=,None
http://www.ebay.co.uk/itm/Blue-Princess-Jasmine-Genie-Belly-Dancer-Arabian-Nights-Fancy-Dress-Costume-/200926420762?hash=item2ec825df1a&pt=LH_DefaultDomain_3&var=,None
http://www.ebay.co.uk/itm/Ladies-DELUXE-Medieval-Queen-Costume-Adult-Renaissance-Tudor-Fancy-Dress-Outfit-/151634213475?hash=item234e1a7a63&pt=LH_DefaultDomain_3&var=,None
http://www.ebay.co.uk/itm/Ladies-Licensed-80s-Rubiks-Cube-Hat-Bag-Fancy-Dress-Costume-Retro-Rubix-Outfit-/251640040484?hash=item3a96ea4c24&pt=LH_DefaultDomain_3&var=,None
http://www.ebay.co.uk/itm/WOMENS-BLACK-ROMPER-PLAYSUIT-JUMPSUIT-LACE-DRESS-MINI-CLUBWEAR-SIZES-12-14-16-18-/111409200358?hash=item19f0817ce6&pt=LH_DefaultDomain_3&var=,None
http://www.ebay.co.uk/itm/Ladies-Fairytale-Storybook-Character-Nursery-Rhyme-Fancy-Dress-Costume-Outfit-/310965091484?hash=item4866f6bc9c&pt=LH_DefaultDomain_3&var=,None
http://www.ebay.co.uk/itm/FROZEN-STYLE-ADULT-PRINCESS-ELSA-DRESS-AND-CAPE-COSPLAY-PARTY-FANCY-COSTUME-321-/161639851318?hash=item25a27c6536&pt=LH_DefaultDomain_3&var=,None
http://www.ebay.co.uk/itm/aqua-satin-dress-adult-baby-fancy-dress-sissy-french-maid-cosplay-chest-36-52-/381219961671?hash=item58c27afb47&pt=LH_DefaultDomain_3,None
http://www.ebay.co.uk/itm/SEXY-LEOPARD-PRINT-CAT-GIRL-FUR-TRIM-HALLOWEEN-COSTUME-OUTFIT-FIT-SIZE-6-8-10-/151503197188?hash=item23464b5404&pt=LH_DefaultDomain_3,None
http://www.ebay.co.uk/itm/Adult-Elsa-Frozen-Inspired-Snowflake-Party-Fancy-Dress-Princess-Costume-/351303639919?hash=item51cb54236f&pt=LH_DefaultDomain_3&var=,None
http://www.ebay.co.uk/itm/Burlesque-Moulin-Rouge-Fancy-Dress-Costume-Can-Can-Girl-Dance-Outfit-Hat-Glove-/310423311383?hash=item4846abd417&pt=LH_DefaultDomain_3&var=,None
http://www.ebay.co.uk/itm/Adult-Ladies-Anna-Coronation-Fancy-Dress-Costume-Princess-with-or-without-Wig-/391085607166?hash=item5b0e84c8fe&pt=LH_DefaultDomain_3&var=,None
http://www.ebay.co.uk/itm/WOMENS-BLACK-ROMPER-PLAYSUIT-JUMPSUIT-LACE-DRESS-MINI-CLUBWEAR-SIZES-12-14-16-18-/121404798816?hash=item1c444a3760&pt=LH_DefaultDomain_3&var=,None
http://www.ebay.co.uk/itm/Sexy-PVC-Fetish-Naughty-Nurse-fancy-dress-costume-Dominatrix-Hen-Party-14-/221432830339?hash=item338e6cd983&pt=LH_DefaultDomain_3,None
http://www.ebay.co.uk/itm/Elsa-Frozen-Inspired-Fancy-Dress-Party-Costume-Accessories-Gloves-Wand-Tiara-/351313669999?hash=item51cbed2f6f&pt=LH_DefaultDomain_3&var=,None
http://www.ebay.co.uk/itm/RED-DRESS-PLUNGING-MINI-BODYCON-BONDAGE-WET-PVC-LEATHER-LOOK-CLUBWEAR-SIZE-12-14-/121382142259?hash=item1c42f08133&pt=LH_DefaultDomain_3,None
http://www.ebay.co.uk/itm/FROZEN-STYLE-ADULT-PRINCESS-ELSA-DRESS-AND-CAPE-DRESS-PARTY-FANCY-COSTUME-321-/141606960256?hash=item20f86ebc80&pt=LH_DefaultDomain_3&var=,None
http://www.ebay.co.uk/itm/Sexy-PVC-Dress-Catsuit-Bondage-Lingerie-Spandex-Bodysuit-Clubwear-50-Shade-Wear-/141191365427?hash=item20dfa94333&pt=LH_DefaultDomain_3&var=,None
http://www.ebay.co.uk/itm/black-satin-dress-adult-baby-fancy-dress-sissy-french-maid-cosplay-fits-36-52-/311334451490?hash=item487cfab922&pt=LH_DefaultDomain_3,None
http://www.ebay.co.uk/itm/PRINCESS-FANCY-DRESS-COSTUME-PARTY-SNOW-ELSA-KIDS-GIRLS-ANNA-DRESSES-FOR-FROZEN-/181558931714?hash=item2a45c17102&pt=LH_DefaultDomain_3&var=,None
http://www.ebay.co.uk/itm/Ladies-80s-Licensed-3D-Rubiks-Cube-1980s-Fancy-Dress-Costume-Retro-Rubixs-Fun-/261587694948?hash=item3ce7d77564&pt=LH_DefaultDomain_3&var=,None
http://www.ebay.co.uk/itm/Womens-Ladies-Floral-Lace-Sleeveless-Lined-Sequin-Evening-Dress-Plus-Size-14-26-/131143324400?hash=item1e88c052f0&pt=LH_DefaultDomain_3&var=,None
http://www.ebay.co.uk/itm/Flapper-1920s-20s-Charleston-Ladies-Fancy-Dress-Accessories-/131370431736?hash=item1e9649b4f8&pt=LH_DefaultDomain_3&var=,None
http://www.ebay.co.uk/itm/Ladies-Adult-Alice-In-Wonderland-Sexy-Fancy-Dress-Womens-Costume-Hen-Theme-Party-/301573175911?hash=item4637297a67&pt=LH_DefaultDomain_3&var=,None
http://www.ebay.co.uk/itm/ADULT-PRINCESS-ELSA-FROZEN-STYLE-DRESS-PARTY-FANCY-COSTUME-/161605745351?hash=item25a073fac7&pt=LH_DefaultDomain_3&var=,None
http://www.ebay.co.uk/itm/BLACK-DRESS-PLUNGING-MINI-BODYCON-WET-PVC-LEATHER-LOOK-CLUBWEAR-SIZE-12-14-/111429221255?hash=item19f1b2fb87&pt=LH_DefaultDomain_3,None
http://www.ebay.co.uk/itm/LADIES-WOMENS-ADULT-NANNY-MARY-POPPINS-BOOK-DAY-WEEK-FANCY-DRESS-OUTFIT-COSTUME-/191283295664?hash=item2c895f75b0&pt=LH_DefaultDomain_3,None
http://www.ebay.co.uk/itm/New-Frozen-Elsa-Princess-Costume-Cosplay-Kids-Party-Fancy-Dress-Age-7-8-/281647103086?hash=item419379bc6e&pt=LH_DefaultDomain_3,None
http://www.ebay.co.uk/itm/red-crystal-organza-dress-adult-baby-fancy-dress-sissy-french-maid-fits-36-52-/311334451487?hash=item487cfab91f&pt=LH_DefaultDomain_3,None
http://www.ebay.co.uk/itm/DISNEY-FROZEN-ANNA-ELSA-PRINCESS-COSTUME-BRAND-NEW-HIGH-QUALITY-PARTY-DRESS-/271812737573?hash=item3f494d3a25&pt=LH_DefaultDomain_3&var=,None
http://www.ebay.co.uk/itm/FROZEN-STYLE-ADULT-COSPLAY-PRINCESS-ANNA-DRESS-AND-CAPE-PARTY-FANCY-COSTUME-821-/161659369727?hash=item25a3a638ff&pt=LH_DefaultDomain_3&var=,None
http://www.ebay.co.uk/itm/Ladies-Lycra-Spandex-Bodysuit-Catsuit-Dress-PVC-Catsuit-Hen-Party-Costume-Outfit-/380573731700?hash=item589bf64b74&pt=LH_DefaultDomain_3&var=,None
http://www.ebay.co.uk/itm/UK-Girls-Frozen-Fever-Queen-Elsa-Anna-Princess-Cosplay-Costume-Party-Fancy-Dress-/111629191580?hash=item19fd9e499c&pt=LH_DefaultDomain_3&var=,None
http://www.ebay.co.uk/itm/ADULT-FROZEN-STYLE-PRINCESS-ELSA-DRESS-COSPLAY-PARTY-FANCY-COSTUME-/141594669627?hash=item20f7b3323b&pt=LH_DefaultDomain_3&var=,None
http://www.ebay.co.uk/itm/UK-Stock-Chinese-Short-Mini-Vintage-Evening-Party-Fancy-Dress-Qipao-Cheongsam-/261148372738?hash=item3ccda7ef02&pt=LH_DefaultDomain_3&var=,None
http://www.ebay.co.uk/itm/ADULT-FROZEN-STYLE-PRINCESS-ELSA-COSPLAY-DRESS-PARTY-FANCY-COSTUME-721-/161657162955?hash=item25a3848ccb&pt=LH_DefaultDomain_3&var=,None
http://www.ebay.co.uk/itm/Adult-Womens-Frozen-Princess-Elsa-Costume-Cosplay-Party-Gown-Fancy-Dress-Outfit-/271674954098?hash=item3f4116d172&pt=LH_DefaultDomain_3&var=,None
http://www.ebay.co.uk/itm/Adult-Womens-Frozen-Queen-Anna-Costume-Cosplay-Party-Gown-Fancy-Dress-Outfit-/281500992834?hash=item418ac44542&pt=LH_DefaultDomain_3&var=,None
http://www.ebay.co.uk/itm/red-organza-pants-pantaloons-french-maid-cosplay-sissy-adult-baby-fits-34-42-/311334451484?hash=item487cfab91c&pt=LH_DefaultDomain_3,None
http://www.ebay.co.uk/itm/UK-Girls-Frozen-Queen-Elsa-Anna-Princess-Cosplay-Costume-Party-Fancy-Dress-/291413315378?hash=item43d9964f32&pt=LH_DefaultDomain_3&var=,None
http://www.ebay.co.uk/itm/SEXY-CHARLESTON-FLAPPER-FRINGED-GATSBY-LADIES-FANCY-DRESS-COSTUME-1920s-20s-30s-/201035932667?hash=item2eceace3fb&pt=LH_DefaultDomain_3&var=,None
http://www.ebay.co.uk/itm/PVC-Catsuit-Faux-Leather-Dress-Spandex-Vinyl-Lingerie-Bodysuit-Jumpsuit-Clubwear-/141191392992?hash=item20dfa9aee0&pt=LH_DefaultDomain_3&var=,None
http://www.ebay.co.uk/itm/Adult-Womens-Frozen-Queen-Anna-Costume-Cosplay-Party-Gown-Fancy-Dress-Outfit-/261794293245?hash=item3cf427e5fd&pt=LH_DefaultDomain_3&var=,None
http://www.ebay.co.uk/itm/ADULT-FROZEN-STYLE-PRINCESS-ELSA-COSPLAY-DRESS-PARTY-FANCY-COSTUME-/151609393911?hash=item234c9fc2f7&pt=LH_DefaultDomain_3&var=,None
http://www.ebay.co.uk/itm/Burlesque-Moulin-Rouge-Can-Can-Tutu-Fancy-Dress-Costume-Corset-Outfit-Many-Style-/380508531454?hash=item5898136afe&pt=LH_DefaultDomain_3&var=,None
http://www.ebay.co.uk/itm/Burlesque-Costume-Corset-Dress-Skirt-Moulin-Rouge-Fancy-Dress-Costume-Outfit-/380760131719?hash=item58a7128887&pt=LH_DefaultDomain_3&var=,None
http://www.ebay.co.uk/itm/CHARLESTON-FLAPPER-FRINGE-FRINGED-FANCY-DRESS-COSTUME-1920S-20S-1930S-30S-/200734276354?hash=item2ebcb1fb02&pt=LH_DefaultDomain_3&var=,None
http://www.ebay.co.uk/itm/rose-satin-pants-pantaloons-french-maid-cosplay-sissy-adult-baby-fits-34-42-new-/311334451480?hash=item487cfab918&pt=LH_DefaultDomain_3,None
http://www.ebay.co.uk/itm/Adult-Queen-Of-Hearts-Story-Book-Fairytale-Ladies-Fancy-Dress-Costume-Tiara-/311308190251?hash=item487b6a022b&pt=LH_DefaultDomain_3&var=,None
http://www.ebay.co.uk/itm/Black-bustle-skirt-moulin-rouge-burlesque-steampunk-goth-half-lace-SHORTER-/281660905472?hash=item41944c5800&pt=LH_DefaultDomain_3,None
http://www.ebay.co.uk/itm/UK-SELLER-DISNEY-FROZEN-ANNA-ELSA-PRINCESS-COSTUME-HIGH-QUALITY-PARTY-DRESS-/181696500615?hash=item2a4df49387&pt=LH_DefaultDomain_3&var=,None
http://www.ebay.co.uk/itm/WOMENS-BLACK-PVC-HOTPANTS-ROMPER-ZIP-LEATHER-CATSUIT-DRESS-BONDAGE-SIZES-8-10-12-/111201395746?hash=item19e41ea422&pt=LH_DefaultDomain_3&var=,None
http://www.ebay.co.uk/itm/LADIES-GOLF-COSTUME-FANCY-DRESS-PINK-PUB-HEN-NIGHT-DO-PARTY-GOLFER-CRAZY-/360941972021?hash=item5409d16a35&pt=LH_DefaultDomain_3&var=,None
http://www.ebay.co.uk/itm/Child-Queen-Of-Hearts-Outfit-Fancy-Dress-Costume-Alice-in-Wonderland-Kids-Girls-/351023019230?hash=item51ba9a34de&pt=LH_DefaultDomain_3&var=,None
http://www.ebay.co.uk/itm/CHARLESTON-1920s-20s-JAZZY-FLAPPER-FRINGE-FRINGED-GATSBY-FANCY-DRESS-COSTUME-/350873967993?hash=item51b1b7dd79&pt=LH_DefaultDomain_3&var=,None
http://www.ebay.co.uk/itm/Ladies-Sexy-Navy-Uniform-Blue-Sailor-Fancy-Dress-Costume-outfit-to-Fit-6-8-Or-10-/171723048034?hash=item27fb7dc462&pt=LH_DefaultDomain_3,None
http://www.ebay.co.uk/itm/LIFEGUARD-Ladies-Retro-Shorts-8-18-Red-Funny-Printed-Fancy-Dress-Costume-Outfit-/371255981098?hash=item567094b42a&pt=LH_DefaultDomain_3&var=,None
http://www.ebay.co.uk/itm/12PC-Leis-Flower-Garlands-Hawaiian-Tropical-Party-Hen-Night-Fancy-Dress-Necklace-/191365270989?hash=item2c8e424dcd&pt=LH_DefaultDomain_3,None
http://www.ebay.co.uk/itm/Adult-60s-70s-Groovy-Lady-Hippy-Flower-Power-Womens-Ladies-Fancy-Dress-Costume-/231398446616?hash=item35e06c1618&pt=LH_DefaultDomain_3&var=,None
http://www.ebay.co.uk/itm/AirSuits-Giant-Inflatable-Willy-Penis-Fancy-Dress-King-Ding-Costume-/381099361105?hash=item58bb4ac351&pt=LH_DefaultDomain_3,None
http://www.ebay.co.uk/itm/Cheshire-Cat-Fancy-Dress-Ears-Tail-Turquoise-Royal-Blue-1-Day-Auction-/301592468904?hash=item46384fdda8&pt=LH_DefaultDomain_3,None
http://www.ebay.co.uk/itm/LADIES-FAIRYTALE-CHARACTER-LITTLE-RED-RIDING-HOOD-COSTUME-FANCY-DRESS-OUTFIT-UK-/261674167953?hash=item3cecfeee91&pt=LH_DefaultDomain_3,None
http://www.ebay.co.uk/itm/Corset-Burlesque-Boned-Laced-Basques-Corsets-Tutu-Fancy-Dress-Sexy-Costume-Satin-/251110627977?hash=item3a775c1a89&pt=LH_DefaultDomain_3&var=,None
http://www.ebay.co.uk/itm/BNWT-GEORGE-DISNEY-CINDERELLA-FANCY-DRESS-COSTUME-5-6-7-8-9-10-YEARS-/151623548342?hash=item234d77bdb6&pt=LH_DefaultDomain_3&var=,None
http://www.ebay.co.uk/itm/Ladies-Victorian-Edwardian-costume-SKIRT-gentry-ball-gown-fancy-dress-black-/290989691733?hash=item43c0565355&pt=LH_DefaultDomain_3&var=,None
http://www.ebay.co.uk/itm/Athenian-Goddess-Ladies-Fancy-Dress-Greek-Grecian-Ladies-Roman-Costume-/360492755683?hash=item53ef0aeae3&pt=LH_DefaultDomain_3&var=,None
http://www.ebay.co.uk/itm/CHARLESTON-1920s-20s-JAZZY-FLAPPER-FRINGE-FRINGED-GATSBY-FANCY-DRESS-COSTUME-/231463602618?hash=item35e44e49ba&pt=LH_DefaultDomain_3&var=,None
http://www.ebay.co.uk/itm/MAD-HATTER-STYLE-TOP-HAT-GREAT-FANCY-DRESS-WONDERLAND-TEA-PARTY-COSTUME-HAT-/321696886620?hash=item4ae6a0ef5c&pt=LH_DefaultDomain_3,None
http://www.ebay.co.uk/itm/Adult-Womens-Ladies-Cowgirl-Fancy-Dress-Costume-Wild-West-Saloon-Western-NEW-/371267127893?hash=item56713eca55&pt=LH_DefaultDomain_3&var=,None
http://www.ebay.co.uk/itm/Adult-DC-Superhero-T-Shirt-Cape-Womens-Comic-Book-Tee-Shirt-Justice-League-/351223295422?hash=item51c68a2dbe&pt=LH_DefaultDomain_3&var=,None
http://www.ebay.co.uk/itm/Cheshire-Cat-Fancy-Dress-Ears-Tail-Light-Pink-Lilac-Wonderland-1-Day-Auction-/301592468902?hash=item46384fdda6&pt=LH_DefaultDomain_3,None
http://www.ebay.co.uk/itm/FANCY-DRESS-Popstar-for-1980s-1990s-80s-90s-Madonna-celebrity-lookalike-Nights-/311298941408?hash=item487adce1e0&pt=LH_DefaultDomain_3&var=,None
http://www.ebay.co.uk/itm/Quality-Padded-Minnie-Mini-Mouse-Ears-Hen-Nights-Womens-Girls-Mickey-Party-BNIP-/400684740748?hash=item5d4aabf08c&pt=LH_DefaultDomain_3,None
http://www.ebay.co.uk/itm/Burlesque-Moulin-Rouge-Can-Can-Girl-Fancy-Dress-Costume-Corset-Outfit-Many-Style-/380485923464?hash=item5896ba7288&pt=LH_DefaultDomain_3&var=,None
http://www.ebay.co.uk/itm/SHORT-40CM-HAWAIIAN-HULA-SKIRT-AND-4-PC-LEI-SET-LADIES-LUAU-FANCY-DRESS-COSTUME-/291204503614?hash=item43cd24183e&pt=LH_DefaultDomain_3&var=,None
http://www.ebay.co.uk/itm/Ladies-Mod-Costume-60s-70s-Fancy-Dress-Costume-ALL-SIZES-/310858641742?hash=item48609e714e&pt=LH_DefaultDomain_3&var=,None
http://www.ebay.co.uk/itm/SEXY-AIR-HOSTESS-FANCY-DRESS-OUTFIT-COSTUME-CABIN-CREW-HEN-NIGHT-STEWARDESS-/190782516950?hash=item2c6b862ed6&pt=LH_DefaultDomain_3&var=,None
http://www.ebay.co.uk/itm/SUPER-HERO-GIRL-LADIES-WONDER-SUPERWOMAN-COSTUME-FANCY-DRESS-SIZE-6-8-10-12-/321589299194?hash=item4ae03747fa&pt=LH_DefaultDomain_3&var=,None
http://www.ebay.co.uk/itm/1960s-Psychedelic-Mod-Fancy-Dress-Costume-Size-8-18-/180915332284?hash=item2a1f64e4bc&pt=LH_DefaultDomain_3&var=,None
http://www.ebay.co.uk/itm/Inflatable-Fat-Suits-/381018219465?hash=item58b674a3c9&pt=LH_DefaultDomain_3&var=,None
http://www.ebay.co.uk/itm/Kids-Butterfly-Fairy-Tutu-Princess-Girls-Fancy-Dress-Costume-Party-Outfit-/351047997248?hash=item51bc175740&pt=LH_DefaultDomain_3&var=,None
http://www.ebay.co.uk/itm/Cheshire-Cat-Fancy-Dress-Ears-Tail-Set-Bright-Pink-Purple-1-Day-Auction-/301592468901?hash=item46384fdda5&pt=LH_DefaultDomain_3,None
http://www.ebay.co.uk/itm/White-Angel-Ladies-Fancy-Dress-Christmas-Party-Costume-Outfit-Halo-Wings-/111219474686?hash=item19e53280fe&pt=LH_DefaultDomain_3&var=,None
http://www.ebay.co.uk/itm/Catwoman-Batman-Dark-Knight-Rises-Fancy-Dress-Superhero-Cat-Woman-Costume-BN-/351069966409?hash=item51bd669049&pt=LH_DefaultDomain_3&var=,None
http://www.ebay.co.uk/itm/CHEERLEADER-FANCY-DRESS-OUTFIT-POM-POMS-COSTUME-WOMENS-SPORTS-TEAM-UNIFORM-/201097389360?hash=item2ed256a530&pt=LH_DefaultDomain_3&var=,None
http://www.ebay.co.uk/itm/NEON-TUTU-SKIRT-80S-FANCY-DRESS-/291167771518?hash=item43caf39b7e&pt=LH_DefaultDomain_3&var=,None
http://www.ebay.co.uk/itm/Childs-Pirate-Fancy-Dress-Kids-Book-Week-Halloween-Party-Childrens-Costume-New-/361039981689?hash=item540fa8ec79&pt=LH_DefaultDomain_3&var=,None
http://www.ebay.co.uk/itm/Marvel-Gamora-Guardians-of-the-Galaxy-Size-10-12-Ladies-New-Fancy-Dress-Costume-/351252937269?hash=item51c84e7a35&pt=LH_DefaultDomain_3,None
http://www.ebay.co.uk/itm/118-FANCY-DRESS-Mens-Ladies-costume-COMPLETE-SET-Marathon-Retro-outfit-Hen-Stag-/271825701484?hash=item3f4a130a6c&pt=LH_DefaultDomain_3&var=,None
http://www.ebay.co.uk/itm/pink-crystal-organza-dress-adult-baby-fancy-dress-sissy-french-maid-fits-36-52-/381219961712?hash=item58c27afb70&pt=LH_DefaultDomain_3,None
http://www.ebay.co.uk/itm/FANCY-DRESS-HOLLYWOOD-MOVIE-FILM-STAR-MARILYN-MONROE-/400673759969?hash=item5d4a0462e1&pt=LH_DefaultDomain_3,None
http://www.ebay.co.uk/itm/BLACK-OR-WHITE-FAIRY-ANGEL-FEATHER-WINGS-HALLOWEEN-FANCY-DRESS-COSTUME-ACCESSORY-/321530605076?hash=item4adcb7ae14&pt=LH_DefaultDomain_3&var=,None
http://www.ebay.co.uk/itm/Adults-Ladies-Egyptian-Queen-Cleopatra-Fancy-Dress-Costume-Sizes-8-16-/201144162332?hash=item2ed520581c&pt=LH_DefaultDomain_3&var=,None
http://www.ebay.co.uk/itm/PLUS-SIZE-ROCK-AND-ROLL-BLACK-4-LAYERS-NET-SKIRT-CIRCLE-UNDER-SKIRT-PETTICOAT-/161009798821?hash=item257cee8ea5&pt=LH_DefaultDomain_3&var=,None
http://www.ebay.co.uk/itm/Hippy-Flares-Top-Outfit-60s-70s-Fancy-Dress-Hippie-Adult-Ladies-Costume-6-28-/360684830953?hash=item53fa7dc0e9&pt=LH_DefaultDomain_3&var=,None
http://www.ebay.co.uk/itm/Adult-Womans-Fringe-Style-1920s-Flapper-Girl-Fancy-Dress-Costume-/140938439562?hash=item20d095eb8a&pt=LH_DefaultDomain_3&var=,None
http://www.ebay.co.uk/itm/LADIES-WONDER-WOMAN-HERO-FANCY-DRESS-COSTUME-OUTFIT-WILL-FIT-SIZE-6-8-10-/171154576141?hash=item27d99b930d&pt=LH_DefaultDomain_3,None
http://www.ebay.co.uk/itm/Girls-Deluxe-Child-Superhero-Kids-Storybook-Comic-Movie-Fancy-Dress-Costume-/381217234352?hash=item58c2515db0&pt=LH_DefaultDomain_3&var=,None
http://www.ebay.co.uk/itm/BELLY-DANCER-BOLLYWOOD-JASMINE-GENIE-ARABIAN-PRINCESS-LADIES-FANCY-DRESS-COSTUME-/111078199215?hash=item19dcc6cfaf&pt=LH_DefaultDomain_3&var=,None
http://www.ebay.co.uk/itm/80s-Neon-UV-Tutu-Skirt-Leg-Warmer-Gummies-Beads-Hen-Fancy-Dress-Party-Costumes-/331122288402?hash=item4d186d2712&pt=LH_DefaultDomain_3&var=,None
